<?xml version="1.0" encoding="UTF-8"?>
<project-private xmlns="http://www.netbeans.org/ns/project-private/1">
    <editor-bookmarks xmlns="http://www.netbeans.org/ns/editor-bookmarks/2" lastBookmarkId="0"/>
    <open-files xmlns="http://www.netbeans.org/ns/projectui-open-files/2">
        <group>
            <file>file:/Applications/XAMPP/xamppfiles/htdocs/20192-web-programming/application/controllers/itemscontroller.php</file>
            <file>file:/Applications/XAMPP/xamppfiles/htdocs/20192-web-programming/library/sqlquery.class.php</file>
            <file>file:/Applications/XAMPP/xamppfiles/htdocs/20192-web-programming/library/model.class.php</file>
            <file>file:/Applications/XAMPP/xamppfiles/htdocs/20192-web-programming/library/bootstrap.php</file>
            <file>file:/Applications/XAMPP/xamppfiles/htdocs/20192-web-programming/config/config.php</file>
            <file>file:/Applications/XAMPP/xamppfiles/htdocs/20192-web-programming/library/shared.php</file>
            <file>file:/Applications/XAMPP/xamppfiles/htdocs/20192-web-programming/application/models/item.php</file>
        </group>
    </open-files>
</project-private>
